{
  "description": {
    "title": "HORÁRIO DE ATENDIMENTO ",
    "text": " Loja On-line Segunda a Sexta - 8h às 18h - Loja Física Segunda a Sexta - 8 às 18h | Sábado 9h às 12h"
  },
  "links_1": {
    "list_pages": false,
    "title": "Páginas",
    "list": [
      {
        "text": "Contato",
        "url": "/pages/contato"
      },
      {
        "url": "/pages/entrega",
        "text": "Condições de Entrega"
      },
      {
        "url": "/pages/faq",
        "text": "Dúvidas frequentes"
      },
      {
        "text": "Formas de pagamento",
        "url": "/pages/pagamentos"
      },
      {
        "text": "Localização",
        "url": "https://maps.app.goo.gl/q9mcPi4T82prTUrm7"
      },
      {
        "url": "/pages/privacidade",
        "text": "Política de privacidade"
      },
      {
        "text": "Sobre nós",
        "url": "/pages/sobre-nos"
      },
      {
        "url": "/pages/termos",
        "text": "Termos de serviços"
      },
      {
        "text": "Trocas e devoluções",
        "url": "/pages/trocas"
      }
    ]
  },
  "links_2": {
    "list_categories": false,
    "title": "Categorias",
    "list": [
      {}
    ]
  },
  "contacts": {
    "title": "Contatos",
    "phone_wpp": true,
    "socials": true,
    "email": true,
    "address": true
  },
  "stamps": [
    {
      "src": "/img/uploads/ssl-safe.png",
      "alt": "Secure connection"
    }
  ],
  "payment_methods": {
    "bb": false,
    "visa": true,
    "boleto": true,
    "aura": false,
    "banrisul": false,
    "elo": true,
    "hipercard": false,
    "hsbc": false,
    "bradesco": false,
    "santander": false,
    "mastercard": true,
    "citibank": false,
    "mais": false,
    "pix": true,
    "itau": true
  },
  "credits": ""
}