{
  "marketing_stripe": {
    "text": "Seja bem-vindo ao nosso site!",
    "link": "https://www.diamanteinformatica.com.br/pages/sobre-nos"
  },
  "contacts_stripe": {
    "pages": [
      {
        "title": "Sobre nós",
        "link": "/pages/sobre-nos"
      }
    ],
    "phone_wpp": true,
    "socials": true
  },
  "categories_list": {
    "featured": [
      "/acessorios?ACESSÓRIOS",
      "/gamer?GAMER",
      "/hardware?HARDWARE",
      "/impressao?IMPRESSÃO",
      "/perifericos?PERIFÉRICOS",
      "/rede-e-wireless?REDE E WIRELESS",
      "/solucoes?SOLUÇÕES"
    ],
    "random": 0,
    "full_width": false
  },
  "desktop_megamenu": true,
  "search_input": true,
  "alphabetical_order_submenu": true,
  "full_width_submenu": true
}