{
  "meta_title": "",
  "meta_description": "",
  "sections": [
    {
      "type": "banner-slider",
      "autoplay": 3000,
      "full_width": true,
      "slides": [
        {
          "start": "",
          "end": "",
          "img": "/img/uploads/imagem-venha-conhecer-nossa-loja.jpg",
          "link": "https://api.whatsapp.com/send?phone=5544999261763&text=Ol%C3%A1!!%20Vi%20o%20site%20de%20voc%C3%AAs%20e%20gostaria%20de%20mais%20informa%C3%A7%C3%B5es%20sobre%20seus%20servi%C3%A7os%20e%20produtos!"
        },
        {
          "start": "",
          "end": "",
          "img": "/img/uploads/tudo-para-informatica-2-2-.png",
          "mobile_img": "/img/uploads/480x300tudopara.png"
        },
        {
          "start": "",
          "end": "",
          "img": "/img/uploads/pc-home-e-office.jpg",
          "link": "https://api.whatsapp.com/send?phone=5544999261763&text=Ol%C3%A1!!%20Vi%20o%20site%20de%20voc%C3%AAs%20e%20gostaria%20de%20mais%20informa%C3%A7%C3%B5es%20sobre%20os%20pcs!%20",
          "mobile_img": "/img/uploads/480x300pchomegamer.png"
        },
        {
          "start": "",
          "end": "",
          "img": "/img/uploads/31-10-cm-02-1-.png",
          "link": "https://api.whatsapp.com/send?phone=5544999261763&text=Ol%C3%A1!!%20Vi%20o%20site%20de%20voc%C3%AAs%20e%20gostaria%20de%20mais%20informa%C3%A7%C3%B5es%20sobre%20carregadores%20de%20notebook!"
        },
        {
          "start": "",
          "end": "",
          "img": "/img/uploads/banner-impressora-1-.png"
        },
        {
          "start": "",
          "end": "",
          "img": "/img/uploads/manutencao-em-notebook.jpg"
        }
      ]
    },
    {
      "type": "info-bar",
      "enabled": true
    },
    {
      "type": "collection-shelf",
      "shuffle": false,
      "limit": 12,
      "page": 1,
      "sort": "news",
      "title": "LANÇAMENTOS"
    },
    {
      "type": "banners-grid",
      "banners": [
        {
          "img": "/img/uploads/whats.jpg",
          "link": "https://api.whatsapp.com/send?phone=5544999261763&text=Ol%C3%A1!!%20Vi%20o%20site%20de%20voc%C3%AAs%20e%20gostaria%20de%20mais%20informa%C3%A7%C3%B5es%20sobre%20os%20pcs!%20"
        }
      ]
    },
    {
      "type": "collection-shelf",
      "shuffle": false,
      "limit": 8,
      "page": 2,
      "sort": "sales",
      "title": "MAIS VENDIDOS"
    },
    {
      "type": "banners-grid",
      "banners": [
        {
          "img": "/img/uploads/cadeiras-1-.jpg"
        }
      ]
    },
    {
      "type": "collection-shelf",
      "shuffle": false,
      "limit": 12,
      "page": 1,
      "collection_id": "61ddc4af0c7c72722501434e:categories:CADEIRA GAMER:/cadeira-gamer",
      "link": "https://www.diamanteinformatica.com.br/cadeira-gamer"
    },
    {
      "type": "review-carousel",
      "autoplay": 5000,
      "reviews": [
        {
          "img": "/img/uploads/unnamed.png",
          "nome": "Maria Clara Amorim",
          "texto": "Gostei bastante do atendimento, em especial o Marcelo, que sempre me atendeu muito bem, muito solicito mas a equipe em geral muito boa, entrega rápida e equipamentos de qualidade."
        },
        {
          "texto": "Atendimento de qualidade e serviço de excelência, recomendo muito! Estava receioso de encontrar uma loja para montar minha máquina, e encontrei a certa! Diamante informática é braba",
          "nome": "Neno Fps",
          "img": "/img/uploads/rtrt.png"
        },
        {
          "img": "/img/uploads/abrao.png",
          "nome": "Abrão ",
          "texto": "Atendimento rápido e serviço mais rápido ainda! Muito contente com o serviço prestado e pelo preço ! Recebi muita atenção no pós venda tb! Recomendo desde compra até serviços!"
        },
        {
          "img": "/img/uploads/mrcelo.png",
          "nome": "Marcelo Atayde ",
          "texto": "Excelente serviço, ótimo atendimento e produtos de qualidade. Deixei um notebook e um PC All in One para fazer upgrade, e o serviço foi excepcional. Explicações detalhadas do que foi necessário fazer, e valeu cada centavo. Certamente me fidelizaram!"
        },
        {
          "img": "/img/uploads/marcelo-sanches.png",
          "nome": "Marcelo Sanches",
          "texto": "Atendimento sensacional, profissional e principalmente com honestidade! Mudei minha empresa para a Diamante e nao me arrependi em nenhum momento!! Vender é fácil o difícil é ter pós-vendas neste padrão de excelencia! Parabens Rafael!"
        },
        {
          "img": "/img/uploads/esparta.png",
          "nome": "Esparta",
          "texto": " Estava com um problema de um Notebook que derrubou água em cima. O técnico realizou um banho químico e ficou zero. Explicou tudo o que ocorreu e que poderia ter ocorrido, bem transparente. Recomendo o local."
        },
        {
          "img": "/img/uploads/yago.png",
          "nome": "Yago Gaúna",
          "texto": "Lugar excelente, atendimento de primeira e a qualidade fora do comum. Montei meu PC com eles e só tenho a agradecer pelo cuidado!"
        },
        {
          "nome": "Kelly Oliver",
          "texto": "Equipe atenciosa, e atenta as necessidades do cliente, apresentam um preço justo e honestidade no trabalho que está sendo realizado. Meu atendimento foi realizado pelo Rafael e  antes, durante e após o reparo demostrou cuidado com o  serviço ofertado. Recomendo!",
          "img": "/img/uploads/kelly.png"
        },
        {
          "texto": "Tenho computador a muito tempo e é difícil achar um técnico de confiança e profissional, aqui tem tudo que eu procuro para deixar sem medo meu PC.",
          "nome": "Igor de Tangamangapio",
          "img": "/img/uploads/igor.png"
        },
        {
          "nome": "Lucas Issa ",
          "texto": "Muito boa, desde a recepção, o orçamento e a entrega do meu Notebook que estava muito lento e eles resolveram no mesmo dia!!! Parabéns a equipe!!",
          "img": "/img/uploads/lucas.png"
        },
        {
          "nome": "Looh T",
          "texto": "Melhor empresa de informática de Maringá! Resolveram em minutos um problema grave eu tinha! Se colocaram em total disposição para resolver em tempo recorde, agradeço demais!!! Mil estrelas para vocês!",
          "img": "/img/uploads/looh.png"
        },
        {
          "texto": "Atendimento top, pessoal muito atencioso, levei o pc na quinta no final da tarde e no outro dia já estava pronto, tudo rodando certinho. O preço está dentro da média, mas a qualidade do serviço é muito superior a de vários outros lugares que conheço. Vale muito a pena, top dms!!",
          "nome": "Henrique Giacomini ",
          "img": "/img/uploads/henrique.png"
        }
      ],
      "title": "DEPOIMENTOS"
    },
    {
      "type": "brands-carousel",
      "limit": 25,
      "offset": 0,
      "sort": "name",
      "autoplay": 1000
    },
    {
      "type": "page-title",
      "description": "",
      "title": "Localização"
    },
    {
      "type": "custom-html",
      "html": "<iframe src=\"https://www.google.com/maps/embed?pb=!1m14!1m8!1m3!1d3660.6439397860845!2d-51.9387526!3d-23.437226!3m2!1i1024!2i768!4f13.1!3m3!1m2!1s0x94ecd0b54af5fddf%3A0x49f91badf995dc81!2sDiamante%20Inform%C3%A1tica%20e%20Assist%C3%AAncia%20T%C3%A9cnica!5e0!3m2!1spt-BR!2sbr!4v1718198062147!5m2!1spt-BR!2sbr\" width=\"600\" height=\"450\" style=\"border:0;\" allowfullscreen=\"\" loading=\"lazy\" referrerpolicy=\"no-referrer-when-downgrade\"></iframe>"
    }
  ]
}