{
  "shipping": {
    "show": true,
    "text": "Frete Gratis para Maringá"
  },
  "installments": {
    "show": true,
    "text": "ATÉ 3X SEM JUROS",
    "link": "https://api.whatsapp.com/send?phone=5544999261763&text=Ol%C3%A1!%20Dei%20uma%20olhada%20no%20site%20e%20gostaria%20de%20mais%20informa%C3%A7%C3%B5es!%20"
  },
  "exchange": {
    "show": true,
    "text": "CLIQUE AQUI E FALE COM UM DE NOSSOS ATENDENTES",
    "title": "",
    "link": "https://api.whatsapp.com/send?phone=5544999261763&text=Ol%C3%A1!%20Dei%20uma%20olhada%20no%20site%20de%20voces%20e%20quero%20mais%20informa%C3%A7%C3%B5es%20sobre%20seus%20produtos%20e%20servi%C3%A7os."
  },
  "promo": {
    "show": true,
    "text": "Soluções para seu Notebook ou Pcs! ",
    "link": "https://www.diamanteinformatica.com.br/solucoes"
  }
}